study,class,A_dice,B_dice,reference_positive,A_TP,A_FP,A_FN,B_TP,B_FP,B_FN
008,lumen,0.9776500414660789,0.9759814341466998,True,11083007,189037,317698,11001983,142788,398722
008,fibrous_cap,0.3532651971483976,0.27167321933115274,True,75420,22848,253300,54278,16585,274442
008,lipid,0.36875174448360826,0.24402978896012037,True,675100,48687,2262655,409696,10303,2528059
008,vv,0.21271239773442416,0.0,True,169,1,1250,0,0,1419
009,lumen,0.9703829833704312,0.9701443127628661,True,11942614,186492,542508,11952257,202784,532865
009,fibrous_cap,0.0,0.0,True,0,31758,39419,0,37039,39419
009,lipid,0.0,0.0,True,0,233001,488203,0,186493,488203
009,vv,0.08702408702408702,0.0,True,56,378,797,0,3064,853
017,lumen,0.9789584201316557,0.9770308229438167,True,11601624,218800,279927,11546200,207532,335351
017,fibrous_cap,0.14868573388791217,0.1783553864628576,True,6935,14381,65033,7946,9189,64022
017,lipid,0.1391526045034618,0.20651114922250838,True,168925,319394,1770666,252026,249181,1687565
017,vv,0.0,0.0,False,0,201,0,0,262,0
028,lumen,0.9849994761552667,0.9856370008815136,True,5730297,153788,20745,5716942,132518,34100
028,fibrous_cap,0.001526399777978214,0.0,True,66,81197,5149,0,44268,5215
028,lipid,0.0011830137898936378,0.0,True,760,1127940,155394,0,311121,156154
028,vv,,,False,0,0,0,0,0,0
029,lumen,0.9788321568053133,0.9804565453815283,True,19148754,465094,363113,19110130,360108,401737
029,fibrous_cap,0.30455897630600676,0.27473705932699366,True,72997,96473,236895,81212,200094,228680
029,lipid,0.08892960287321597,0.050614137358771884,True,221289,1103847,3430298,142306,1829279,3509281
029,vv,0.0,0.021150033046926635,True,0,0,7464,80,21,7384
057,lumen,0.9320441061534078,0.9261250900712645,True,8942191,31613,1272348,8840710,36578,1373829
057,fibrous_cap,0.5323596931362483,0.5753414669079829,True,219839,249698,136528,220934,190709,135433
057,lipid,0.2815305993273483,0.2743412397073332,True,1749114,7522779,1404740,1667344,7334058,1486510
057,vv,0.0,,False,0,107,0,0,0,0
072,lumen,0.9843017938542968,0.9852808741181318,True,18259568,171587,410841,18198857,72194,471552
072,fibrous_cap,0.4321875025678771,0.2647264494202065,True,184084,79060,404643,104296,94930,484431
072,lipid,0.49924054497822445,0.36441263211960134,True,1550071,935655,2173919,1106815,1243710,2617175
072,vv,,,False,0,0,0,0,0,0
077,lumen,0.9805341418218335,0.9782610641649957,True,10495887,161695,255040,10491216,206561,259711
077,fibrous_cap,0.6197934370505949,0.45856359298013655,True,35556,8765,34858,22197,4200,48217
077,lipid,0.6862398808026874,0.5248176921469536,True,1448966,89550,1235432,985790,86507,1698608
077,vv,0.0,0.0,False,0,4043,0,0,437,0
086,lumen,0.972809397658207,0.9746279485924205,True,5322552,194839,102698,5298578,149199,126672
086,fibrous_cap,0.3760358716739686,0.3473117012767171,True,73170,137613,105212,56012,88152,122370
086,lipid,0.37122831623207414,0.4051257746541429,True,453672,1211085,325738,360298,638989,419112
086,vv,0.0,0.0,True,0,0,26714,0,34,26714
087,lumen,0.9802805990259088,0.9812750545367612,True,6162409,164646,83281,6156949,146236,88741
087,fibrous_cap,0.285137707830943,0.3765754019991308,True,33699,144525,24447,34660,91274,23486
087,lipid,0.15019931303059197,0.3094376572145659,True,130747,1387755,91731,137470,528567,85008
087,vv,0.0,0.0,False,0,351,0,0,410,0
